{
    "Order No.": "Commande N°",
    "import": "Emporter",
    "delivery": "Livraison",
    "table": "Sur la table",
    "type": "Type",
    "The number of people": "Le nombre de personnes",
    "Date": "Date",
    "Title": "Désignation",
    "Qnt": "Qté",
    "Note": "Note",
    "To": "À",
    "Kitchen": "Cuisine",
    "Bartender": "Barman",
    "Customer": "Client",
    "Phone": "Téléphone",
    "Address": "Adresse",
    "Addition": "Addition",
    "Payment": "Paiement",
    "Price": "Prix",
    "Password or username is incorrect": "Le mot de passe ou le nom d'utilisateur est incorrect",
    "Category already exists": "La catégorie existe déjà",
    "Area already exists": "La zone existe déjà",
    "Customer already exists": "Le client existe déjà",
    "Not Found Category": "Catégorie introuvable",
    "Not found table": "Tableau introuvable",
    "Not found customer": "Client introuvable",
    "Not found items": "Articles introuvables",
    "Item not valid": "Article non valide",
    "Qnt not valid": "Qté non valide",
    "left": "restants",
    "Not found area": "Zone introuvable",
    "Not found any email": "Aucun e-mail trouvé"
}